email,booking_date,booking_time,table_number
abaker23@example.com,2025-07-29,16:00:00,5
abaker23@example.com,2025-08-31,20:30:00,3
abaker23@example.com,2024-06-14,11:15:00,10
ssanchez30@example.com,2024-12-26,13:15:00,13
ssanchez30@example.com,2025-05-08,18:15:00,19
ssanchez30@example.com,2025-06-16,17:15:00,8
ssanchez30@example.com,2024-07-31,10:00:00,8
bcampbell17@example.com,2025-10-16,18:00:00,11
bcampbell17@example.com,2025-06-18,08:45:00,8
emartinez13@example.com,2024-11-23,18:15:00,12
myoung32@example.com,2025-07-05,09:45:00,15
myoung32@example.com,2025-07-24,10:15:00,13
myoung32@example.com,2024-06-26,09:30:00,16
myoung32@example.com,2025-09-05,14:00:00,17
rflores40@example.com,2024-09-01,20:45:00,9
rflores40@example.com,2025-05-25,13:30:00,5
ljackson26@example.com,2025-03-01,15:45:00,9
ljackson26@example.com,2025-04-14,18:15:00,20
ljackson26@example.com,2025-04-02,12:45:00,19
ljackson26@example.com,2024-12-09,13:45:00,4
ljackson26@example.com,2025-05-27,15:30:00,12
zramirez38@example.com,2025-01-10,14:30:00,2
zramirez38@example.com,2024-05-26,14:00:00,19
anelson37@example.com,2024-08-15,17:45:00,7
anelson37@example.com,2025-03-07,16:00:00,19
anelson37@example.com,2025-08-26,16:30:00,14
anelson37@example.com,2024-07-13,19:15:00,11
anelson37@example.com,2024-07-27,09:45:00,17
anelson37@example.com,2024-09-01,12:15:00,18
anelson37@example.com,2025-04-15,14:45:00,15
ntaylor35@example.com,2024-07-30,10:45:00,7
nflores22@example.com,2025-09-03,13:30:00,3
nflores22@example.com,2024-12-29,13:45:00,17
egreen21@example.com,2024-10-15,17:30:00,13
egreen21@example.com,2024-12-24,11:45:00,18
egreen21@example.com,2024-11-06,09:45:00,16
egreen21@example.com,2025-09-01,11:45:00,8
egreen21@example.com,2025-07-04,08:00:00,7
ebrown25@example.com,2025-04-03,14:45:00,1
ebrown25@example.com,2024-05-20,15:30:00,12
awalker16@example.com,2024-08-16,18:00:00,17
hmitchell20@example.com,2025-01-26,13:00:00,13
hmitchell20@example.com,2025-03-21,16:00:00,4
hmitchell20@example.com,2025-06-22,17:45:00,4
hmitchell20@example.com,2025-09-29,15:00:00,3
hmitchell20@example.com,2024-12-20,21:00:00,3
hmitchell20@example.com,2024-06-25,20:45:00,8
hmitchell20@example.com,2025-08-07,15:00:00,15
hmitchell20@example.com,2025-01-04,21:00:00,15
abaker43@example.com,2025-08-09,17:15:00,20
abaker43@example.com,2025-06-11,15:00:00,3
abaker43@example.com,2025-05-17,14:00:00,11
abaker43@example.com,2024-06-04,17:15:00,1
abaker43@example.com,2025-07-17,11:15:00,12
abaker43@example.com,2025-01-12,17:30:00,2
abaker43@example.com,2025-05-23,18:45:00,11
abaker43@example.com,2024-06-18,19:30:00,8
nflores36@example.com,2025-03-19,22:00:00,20
nflores36@example.com,2025-05-25,19:45:00,12
nflores36@example.com,2025-04-08,19:45:00,16
sgreen49@example.com,2024-12-05,21:15:00,7
sgreen49@example.com,2024-07-20,08:15:00,8
sgreen49@example.com,2025-04-21,10:45:00,9
sgreen49@example.com,2024-08-27,10:15:00,8
mmiller42@example.com,2025-10-08,12:30:00,20
mmiller42@example.com,2024-11-25,09:15:00,17
mmiller42@example.com,2024-08-06,09:30:00,20
mmiller42@example.com,2025-10-30,11:30:00,4
edavis46@example.com,2024-10-27,18:00:00,10
edavis46@example.com,2025-02-02,10:30:00,6
asmith50@example.com,2025-04-18,11:30:00,2
rhall29@example.com,2025-06-25,11:30:00,11
elee11@example.com,2024-06-09,21:45:00,7
elee11@example.com,2025-01-27,14:15:00,3
elee11@example.com,2025-08-31,22:15:00,3
elee11@example.com,2024-08-21,13:45:00,8
elee11@example.com,2025-05-25,22:30:00,17
srobinson27@example.com,2025-08-13,08:00:00,7
srobinson27@example.com,2025-04-22,20:30:00,17
srobinson27@example.com,2025-09-23,22:45:00,15
srobinson27@example.com,2025-04-18,19:45:00,11
srobinson27@example.com,2024-11-07,11:30:00,7
srobinson27@example.com,2025-07-30,19:15:00,4
aperez33@example.com,2025-10-31,08:45:00,17
aperez33@example.com,2024-09-20,16:45:00,17
aperez33@example.com,2025-05-21,20:00:00,14
aperez33@example.com,2024-10-15,08:45:00,8
aperez33@example.com,2024-09-16,10:30:00,17
lhill39@example.com,2024-12-12,13:15:00,14
lhill39@example.com,2025-02-06,11:00:00,7
lhill39@example.com,2024-10-10,22:45:00,8
lhill39@example.com,2024-05-13,21:45:00,8
lhill39@example.com,2024-10-19,15:45:00,10
twilson48@example.com,2024-05-13,17:45:00,8
mclark18@example.com,2025-10-03,09:00:00,1
mclark18@example.com,2025-05-13,11:30:00,12
mclark18@example.com,2024-11-01,19:30:00,9
mclark18@example.com,2025-07-28,13:45:00,2
dcarter12@example.com,2024-06-17,22:45:00,11
dcarter12@example.com,2025-01-18,21:45:00,1
dcarter12@example.com,2024-11-26,11:15:00,12
dcarter12@example.com,2025-03-24,12:00:00,16
dcarter12@example.com,2024-05-18,17:30:00,5
dcarter12@example.com,2024-06-26,13:45:00,20
lhill19@example.com,2025-10-20,22:00:00,9
lhill19@example.com,2024-09-24,18:00:00,3
lhill19@example.com,2025-02-25,16:15:00,1
lhill19@example.com,2024-09-25,18:45:00,11
lhill19@example.com,2025-09-21,11:45:00,18
lhill19@example.com,2025-01-26,19:00:00,1
lhill19@example.com,2024-06-22,12:45:00,6
hbaker24@example.com,2024-09-04,15:45:00,9
hbaker24@example.com,2024-11-22,18:15:00,20
hbaker24@example.com,2024-08-15,21:00:00,15
hbaker24@example.com,2024-08-31,09:45:00,15
hbaker24@example.com,2024-10-17,22:30:00,14
cbaker14@example.com,2024-08-30,10:45:00,19
cbaker14@example.com,2025-10-17,17:30:00,11
cbaker14@example.com,2024-09-21,19:15:00,17
cbaker14@example.com,2024-06-11,14:15:00,20
cbaker14@example.com,2024-06-24,21:45:00,18
cbaker14@example.com,2024-12-26,09:30:00,6
cbaker14@example.com,2024-08-27,13:00:00,19
cbaker14@example.com,2024-11-10,15:15:00,14
tcarter28@example.com,2025-07-07,22:15:00,20
tcarter28@example.com,2025-08-20,22:00:00,1
tcarter28@example.com,2024-10-13,15:45:00,11
tcarter28@example.com,2025-01-12,12:00:00,19
tcarter28@example.com,2025-03-10,15:30:00,16
tcarter28@example.com,2024-07-26,14:30:00,4
tcarter28@example.com,2024-07-09,19:00:00,18
ggreen45@example.com,2024-08-31,22:45:00,14
ggreen45@example.com,2025-10-23,15:00:00,20
ggreen45@example.com,2024-12-28,17:00:00,20
lwalker41@example.com,2024-11-29,21:15:00,5
lwalker41@example.com,2025-06-02,12:45:00,3
jhall34@example.com,2024-06-17,11:30:00,10
jhall34@example.com,2024-10-23,15:30:00,4
jhall34@example.com,2025-02-16,12:30:00,19
jhall34@example.com,2025-05-12,17:30:00,11
ssmith47@example.com,2025-10-06,18:00:00,14
ssmith47@example.com,2024-09-02,14:00:00,7
ssmith47@example.com,2025-02-23,11:15:00,12
ssmith47@example.com,2024-10-22,11:45:00,19
ssmith47@example.com,2024-09-19,13:00:00,16
ssmith47@example.com,2024-05-20,10:30:00,10
ssmith47@example.com,2024-11-01,11:00:00,4
ssmith47@example.com,2024-06-24,14:00:00,16
ljackson31@example.com,2024-08-20,14:00:00,16
ljackson31@example.com,2025-05-28,10:00:00,5
ljackson31@example.com,2024-07-31,19:15:00,18
ljackson31@example.com,2025-08-01,14:45:00,19
ljackson31@example.com,2025-06-04,16:00:00,17
ljackson31@example.com,2024-12-28,11:30:00,20
hthompson15@example.com,2025-03-10,16:15:00,1
hthompson15@example.com,2024-10-06,17:15:00,19
hthompson15@example.com,2025-04-29,08:45:00,12
hthompson15@example.com,2025-04-17,11:30:00,6
hthompson15@example.com,2025-09-09,08:00:00,9
hthompson15@example.com,2025-08-11,13:15:00,16
hthompson15@example.com,2024-08-07,15:00:00,11
cclark44@example.com,2025-05-13,20:00:00,12
cclark44@example.com,2025-04-01,18:45:00,9
cclark44@example.com,2024-06-05,15:00:00,18
cclark44@example.com,2025-09-17,11:45:00,15
cclark44@example.com,2025-08-31,09:00:00,19
cclark44@example.com,2024-09-28,12:30:00,3
